[
{
  "model": "recipe.recipe",
  "pk": 4,
  "fields": {
    "title": "Peanut Butter Cinnamon Baked Apples",
    "slug": "peanut-butter-cinnamon-baked-apples",
    "makes": null,
    "blurb": null,
    "prep_time": null,
    "cooking_time": null,
    "web_reference": "",
    "recipe_equipment": [
      1
    ],
    "child_recipes": []
  }
},
{
  "model": "recipe.recipe",
  "pk": 5,
  "fields": {
    "title": "Maple-Glazed Grilled Tempeh",
    "slug": "maple-glazed-grilled-tempeh-1",
    "makes": null,
    "blurb": null,
    "prep_time": null,
    "cooking_time": null,
    "web_reference": "",
    "recipe_equipment": [],
    "child_recipes": []
  }
},
{
  "model": "recipe.recipe",
  "pk": 6,
  "fields": {
    "title": "Vegan Chocolate Chip S'more Cookies",
    "slug": "vegan-chocolate-chip-smore-cookies-1",
    "makes": null,
    "blurb": null,
    "prep_time": null,
    "cooking_time": null,
    "web_reference": "",
    "recipe_equipment": [],
    "child_recipes": []
  }
},
{
  "model": "recipe.recipe",
  "pk": 7,
  "fields": {
    "title": "Espinacas con Garbanzos",
    "slug": "espinacas-con-garbanzos-1",
    "makes": 4,
    "blurb": "",
    "prep_time": null,
    "cooking_time": null,
    "web_reference": "",
    "recipe_equipment": [],
    "child_recipes": []
  }
},
{
  "model": "recipe.recipe",
  "pk": 8,
  "fields": {
    "title": "Lime-Marinated Golden Beet, Avocado, Chickpea Salad",
    "slug": "lime-marinated-golden-beet-avocado-chickpea-salad-1",
    "makes": null,
    "blurb": "",
    "prep_time": null,
    "cooking_time": null,
    "web_reference": "",
    "recipe_equipment": [],
    "child_recipes": []
  }
},
{
  "model": "recipe.recipe",
  "pk": 9,
  "fields": {
    "title": "Sweet Potato, Carrot, Chickpea, Mushroom, and Broccoli Soup",
    "slug": "sweet-potato-carrot-chickpea-mushroom-and-broccoli-soup-1",
    "makes": null,
    "blurb": "",
    "prep_time": null,
    "cooking_time": null,
    "web_reference": "",
    "recipe_equipment": [],
    "child_recipes": []
  }
},
{
  "model": "recipe.recipe",
  "pk": 10,
  "fields": {
    "title": "Lemon Paprika Hummus",
    "slug": "lemon-paprika-hummus",
    "makes": null,
    "blurb": "",
    "prep_time": null,
    "cooking_time": null,
    "web_reference": "",
    "recipe_equipment": [],
    "child_recipes": []
  }
},
{
  "model": "recipe.recipe",
  "pk": 11,
  "fields": {
    "title": "Moroccan-Spiced Chickpea Burgers",
    "slug": "moroccan-spiced-chickpea-burgers",
    "makes": null,
    "blurb": "",
    "prep_time": null,
    "cooking_time": null,
    "web_reference": "",
    "recipe_equipment": [],
    "child_recipes": []
  }
},
{
  "model": "recipe.recipe",
  "pk": 12,
  "fields": {
    "title": "Cashew Chickpea Chickin\u2019 Salad",
    "slug": "cashew-chickpea-chickin-salad",
    "makes": null,
    "blurb": "",
    "prep_time": null,
    "cooking_time": null,
    "web_reference": "",
    "recipe_equipment": [],
    "child_recipes": []
  }
},
{
  "model": "recipe.recipe",
  "pk": 13,
  "fields": {
    "title": "Moroccan Israeli Couscous with Roasted Vegetables",
    "slug": "moroccan-israeli-couscous-with-roasted-vegetables",
    "makes": null,
    "blurb": "",
    "prep_time": null,
    "cooking_time": null,
    "web_reference": "",
    "recipe_equipment": [],
    "child_recipes": []
  }
},
{
  "model": "recipe.recipe",
  "pk": 16,
  "fields": {
    "title": "Cinnamon Buns",
    "slug": "cinnamon-buns",
    "makes": null,
    "blurb": "",
    "prep_time": null,
    "cooking_time": null,
    "web_reference": "",
    "recipe_equipment": [],
    "child_recipes": [
      19
    ]
  }
},
{
  "model": "recipe.recipe",
  "pk": 17,
  "fields": {
    "title": "Cinnamon-Sugar Filling",
    "slug": "cinnamon-sugar-filling",
    "makes": null,
    "blurb": "",
    "prep_time": null,
    "cooking_time": null,
    "web_reference": "",
    "recipe_equipment": [],
    "child_recipes": [
      19
    ]
  }
},
{
  "model": "recipe.recipe",
  "pk": 18,
  "fields": {
    "title": "Icing",
    "slug": "icing",
    "makes": null,
    "blurb": "",
    "prep_time": null,
    "cooking_time": null,
    "web_reference": "",
    "recipe_equipment": [],
    "child_recipes": [
      19
    ]
  }
},
{
  "model": "recipe.recipe",
  "pk": 19,
  "fields": {
    "title": "Glazed Cinnamon Buns",
    "slug": "glazed-cinnamon-buns-1",
    "makes": null,
    "blurb": "",
    "prep_time": null,
    "cooking_time": null,
    "web_reference": "",
    "recipe_equipment": [],
    "child_recipes": [
      16,
      17,
      18
    ]
  }
},
{
  "model": "recipe.unit",
  "pk": 1,
  "fields": {
    "long_name": "cup",
    "short_name": "C",
    "physical_unit": 2,
    "system": 2
  }
},
{
  "model": "recipe.unit",
  "pk": 2,
  "fields": {
    "long_name": "package",
    "short_name": "package",
    "physical_unit": 0,
    "system": 0
  }
},
{
  "model": "recipe.unit",
  "pk": 3,
  "fields": {
    "long_name": "teaspoon",
    "short_name": "t",
    "physical_unit": 2,
    "system": 2
  }
},
{
  "model": "recipe.unit",
  "pk": 4,
  "fields": {
    "long_name": "tablespoon",
    "short_name": "T",
    "physical_unit": 2,
    "system": 2
  }
},
{
  "model": "recipe.unit",
  "pk": 5,
  "fields": {
    "long_name": "drop",
    "short_name": "drop",
    "physical_unit": 0,
    "system": 0
  }
},
{
  "model": "recipe.unit",
  "pk": 6,
  "fields": {
    "long_name": "dash",
    "short_name": "dash",
    "physical_unit": 0,
    "system": 0
  }
},
{
  "model": "recipe.unit",
  "pk": 7,
  "fields": {
    "long_name": "clove",
    "short_name": "clove",
    "physical_unit": 0,
    "system": 0
  }
},
{
  "model": "recipe.unit",
  "pk": 8,
  "fields": {
    "long_name": "can",
    "short_name": "can",
    "physical_unit": 2,
    "system": 0
  }
},
{
  "model": "recipe.unit",
  "pk": 9,
  "fields": {
    "long_name": "pound",
    "short_name": "lb",
    "physical_unit": 1,
    "system": 2
  }
},
{
  "model": "recipe.unit",
  "pk": 10,
  "fields": {
    "long_name": "pinch",
    "short_name": "pinch",
    "physical_unit": 0,
    "system": 0
  }
},
{
  "model": "recipe.unit",
  "pk": 11,
  "fields": {
    "long_name": "plate",
    "short_name": "plate",
    "physical_unit": 0,
    "system": 0
  }
},
{
  "model": "recipe.unit",
  "pk": 12,
  "fields": {
    "long_name": "ounce",
    "short_name": "oz",
    "physical_unit": 1,
    "system": 1
  }
},
{
  "model": "recipe.ingredient",
  "pk": 1,
  "fields": {
    "name": "all purpose flour",
    "web_reference": ""
  }
},
{
  "model": "recipe.ingredient",
  "pk": 2,
  "fields": {
    "name": "active dry yeast",
    "web_reference": ""
  }
},
{
  "model": "recipe.ingredient",
  "pk": 3,
  "fields": {
    "name": "soy milk",
    "web_reference": ""
  }
},
{
  "model": "recipe.ingredient",
  "pk": 4,
  "fields": {
    "name": "white sugar",
    "web_reference": ""
  }
},
{
  "model": "recipe.ingredient",
  "pk": 5,
  "fields": {
    "name": "vegan margarine",
    "web_reference": ""
  }
},
{
  "model": "recipe.ingredient",
  "pk": 6,
  "fields": {
    "name": "salt",
    "web_reference": ""
  }
},
{
  "model": "recipe.ingredient",
  "pk": 7,
  "fields": {
    "name": "unsweetened applesauce",
    "web_reference": ""
  }
},
{
  "model": "recipe.ingredient",
  "pk": 8,
  "fields": {
    "name": "brown sugar",
    "web_reference": ""
  }
},
{
  "model": "recipe.ingredient",
  "pk": 9,
  "fields": {
    "name": "cinnamon",
    "web_reference": ""
  }
},
{
  "model": "recipe.ingredient",
  "pk": 10,
  "fields": {
    "name": "powdered sugar",
    "web_reference": ""
  }
},
{
  "model": "recipe.ingredient",
  "pk": 11,
  "fields": {
    "name": "water",
    "web_reference": ""
  }
},
{
  "model": "recipe.ingredient",
  "pk": 12,
  "fields": {
    "name": "lemon extract",
    "web_reference": ""
  }
},
{
  "model": "recipe.ingredient",
  "pk": 13,
  "fields": {
    "name": "nutmeg",
    "web_reference": ""
  }
},
{
  "model": "recipe.ingredient",
  "pk": 14,
  "fields": {
    "name": "apple",
    "web_reference": ""
  }
},
{
  "model": "recipe.ingredient",
  "pk": 15,
  "fields": {
    "name": "oats",
    "web_reference": ""
  }
},
{
  "model": "recipe.ingredient",
  "pk": 16,
  "fields": {
    "name": "raisins",
    "web_reference": ""
  }
},
{
  "model": "recipe.ingredient",
  "pk": 17,
  "fields": {
    "name": "walnuts",
    "web_reference": ""
  }
},
{
  "model": "recipe.ingredient",
  "pk": 18,
  "fields": {
    "name": "peanut butter",
    "web_reference": ""
  }
},
{
  "model": "recipe.ingredient",
  "pk": 19,
  "fields": {
    "name": "maple syrup",
    "web_reference": ""
  }
},
{
  "model": "recipe.ingredient",
  "pk": 20,
  "fields": {
    "name": "tempeh",
    "web_reference": ""
  }
},
{
  "model": "recipe.ingredient",
  "pk": 21,
  "fields": {
    "name": "vegetable broth",
    "web_reference": ""
  }
},
{
  "model": "recipe.ingredient",
  "pk": 22,
  "fields": {
    "name": "olive oil",
    "web_reference": ""
  }
},
{
  "model": "recipe.ingredient",
  "pk": 23,
  "fields": {
    "name": "apple cider vinegar",
    "web_reference": ""
  }
},
{
  "model": "recipe.ingredient",
  "pk": 24,
  "fields": {
    "name": "soy sauce",
    "web_reference": ""
  }
},
{
  "model": "recipe.ingredient",
  "pk": 25,
  "fields": {
    "name": "garlic",
    "web_reference": ""
  }
},
{
  "model": "recipe.ingredient",
  "pk": 26,
  "fields": {
    "name": "crushed red pepper flakes",
    "web_reference": ""
  }
},
{
  "model": "recipe.ingredient",
  "pk": 27,
  "fields": {
    "name": "ground flax seed",
    "web_reference": ""
  }
},
{
  "model": "recipe.ingredient",
  "pk": 28,
  "fields": {
    "name": "vanilla extract",
    "web_reference": ""
  }
},
{
  "model": "recipe.ingredient",
  "pk": 29,
  "fields": {
    "name": "baking powder",
    "web_reference": ""
  }
},
{
  "model": "recipe.ingredient",
  "pk": 30,
  "fields": {
    "name": "baking soda",
    "web_reference": ""
  }
},
{
  "model": "recipe.ingredient",
  "pk": 31,
  "fields": {
    "name": "vegan chocolate chips",
    "web_reference": ""
  }
},
{
  "model": "recipe.ingredient",
  "pk": 32,
  "fields": {
    "name": "vegan marshmallows",
    "web_reference": "http://www.sweetandsara.com/"
  }
},
{
  "model": "recipe.ingredient",
  "pk": 33,
  "fields": {
    "name": "vegan graham crackers",
    "web_reference": ""
  }
},
{
  "model": "recipe.ingredient",
  "pk": 34,
  "fields": {
    "name": "chickpeas",
    "web_reference": ""
  }
},
{
  "model": "recipe.ingredient",
  "pk": 35,
  "fields": {
    "name": "spinich",
    "web_reference": ""
  }
},
{
  "model": "recipe.ingredient",
  "pk": 36,
  "fields": {
    "name": "sweet potato",
    "web_reference": ""
  }
},
{
  "model": "recipe.ingredient",
  "pk": 37,
  "fields": {
    "name": "tomato sauce",
    "web_reference": ""
  }
},
{
  "model": "recipe.ingredient",
  "pk": 38,
  "fields": {
    "name": "cumin",
    "web_reference": ""
  }
},
{
  "model": "recipe.ingredient",
  "pk": 39,
  "fields": {
    "name": "balsamic vinegar",
    "web_reference": ""
  }
},
{
  "model": "recipe.ingredient",
  "pk": 40,
  "fields": {
    "name": "paprika",
    "web_reference": ""
  }
},
{
  "model": "recipe.ingredient",
  "pk": 41,
  "fields": {
    "name": "salt and ground pepper",
    "web_reference": ""
  }
},
{
  "model": "recipe.ingredient",
  "pk": 42,
  "fields": {
    "name": "golden beet",
    "web_reference": ""
  }
},
{
  "model": "recipe.ingredient",
  "pk": 43,
  "fields": {
    "name": "limes",
    "web_reference": ""
  }
},
{
  "model": "recipe.ingredient",
  "pk": 44,
  "fields": {
    "name": "avocado",
    "web_reference": ""
  }
},
{
  "model": "recipe.ingredient",
  "pk": 45,
  "fields": {
    "name": "pepper to taste",
    "web_reference": ""
  }
},
{
  "model": "recipe.ingredient",
  "pk": 46,
  "fields": {
    "name": "onion",
    "web_reference": ""
  }
},
{
  "model": "recipe.ingredient",
  "pk": 47,
  "fields": {
    "name": "carrots",
    "web_reference": ""
  }
},
{
  "model": "recipe.ingredient",
  "pk": 48,
  "fields": {
    "name": "brocoli florets",
    "web_reference": ""
  }
},
{
  "model": "recipe.ingredient",
  "pk": 49,
  "fields": {
    "name": "lemon",
    "web_reference": ""
  }
},
{
  "model": "recipe.ingredient",
  "pk": 50,
  "fields": {
    "name": "tahini",
    "web_reference": ""
  }
},
{
  "model": "recipe.ingredient",
  "pk": 51,
  "fields": {
    "name": "extra virgin olive oil",
    "web_reference": ""
  }
},
{
  "model": "recipe.ingredient",
  "pk": 52,
  "fields": {
    "name": "lemon rind",
    "web_reference": ""
  }
},
{
  "model": "recipe.ingredient",
  "pk": 53,
  "fields": {
    "name": "pinch of salt",
    "web_reference": ""
  }
},
{
  "model": "recipe.ingredient",
  "pk": 54,
  "fields": {
    "name": "chickpea flour",
    "web_reference": ""
  }
},
{
  "model": "recipe.ingredient",
  "pk": 55,
  "fields": {
    "name": "parsley",
    "web_reference": ""
  }
},
{
  "model": "recipe.ingredient",
  "pk": 56,
  "fields": {
    "name": "ground coriander",
    "web_reference": ""
  }
},
{
  "model": "recipe.ingredient",
  "pk": 57,
  "fields": {
    "name": "cayenne",
    "web_reference": ""
  }
},
{
  "model": "recipe.ingredient",
  "pk": 58,
  "fields": {
    "name": "black pepper",
    "web_reference": ""
  }
},
{
  "model": "recipe.ingredient",
  "pk": 59,
  "fields": {
    "name": "ground ginger",
    "web_reference": ""
  }
},
{
  "model": "recipe.ingredient",
  "pk": 60,
  "fields": {
    "name": "cashews",
    "web_reference": ""
  }
},
{
  "model": "recipe.ingredient",
  "pk": 61,
  "fields": {
    "name": "nutritional yeast",
    "web_reference": ""
  }
},
{
  "model": "recipe.ingredient",
  "pk": 62,
  "fields": {
    "name": "red bell pepper",
    "web_reference": ""
  }
},
{
  "model": "recipe.ingredient",
  "pk": 63,
  "fields": {
    "name": "grape tomatoes",
    "web_reference": ""
  }
},
{
  "model": "recipe.ingredient",
  "pk": 64,
  "fields": {
    "name": "israeli (pearl) couscous",
    "web_reference": "http://www.amazon.com/gp/product/B001A5RS54/ref=pd_lpo_k2_dp_sr_2?pf_rd_p=486539851&pf_rd_s=lpo-top-stripe-1&pf_rd_t=201&pf_rd_i=B0040LRJXQ&pf_rd_m=ATVPDKIKX0DER&pf_rd_r=0KBFVC7E5FQCKKWREKK0"
  }
},
{
  "model": "recipe.ingredient",
  "pk": 65,
  "fields": {
    "name": "lime juice",
    "web_reference": ""
  }
},
{
  "model": "recipe.ingredient",
  "pk": 66,
  "fields": {
    "name": "curry powder",
    "web_reference": ""
  }
},
{
  "model": "recipe.ingredient",
  "pk": 67,
  "fields": {
    "name": "red onion",
    "web_reference": ""
  }
},
{
  "model": "recipe.ingredient",
  "pk": 68,
  "fields": {
    "name": "jalape\u00f1o pepper",
    "web_reference": ""
  }
},
{
  "model": "recipe.ingredient",
  "pk": 69,
  "fields": {
    "name": "coriander",
    "web_reference": ""
  }
},
{
  "model": "recipe.ingredient",
  "pk": 70,
  "fields": {
    "name": "lime",
    "web_reference": ""
  }
},
{
  "model": "recipe.ingredient",
  "pk": 71,
  "fields": {
    "name": "golden raisins",
    "web_reference": ""
  }
},
{
  "model": "recipe.ingredient",
  "pk": 72,
  "fields": {
    "name": "coconut",
    "web_reference": ""
  }
},
{
  "model": "recipe.ingredient",
  "pk": 73,
  "fields": {
    "name": "almonds",
    "web_reference": ""
  }
},
{
  "model": "recipe.ingredient",
  "pk": 74,
  "fields": {
    "name": "a dash of nutmeg",
    "web_reference": ""
  }
},
{
  "model": "recipe.recipestep",
  "pk": 16,
  "fields": {
    "number": 1,
    "content": "<p>Cut the tops and bottoms out of the apples and set to the side. Remove the \"guts\" of the apple with a spoon or knife, then replace the bottom.</p><p><img src=\"/media/uploads/tumblr_lu0olfnUeW1qdiaq1.jpg\"></p>",
    "recipe": 4
  }
},
{
  "model": "recipe.recipestep",
  "pk": 17,
  "fields": {
    "number": 2,
    "content": "<p>In a small bowl, add the oats and just enough water to cover. Microwave 1-2 minutes to soften them a bit. Once heated, add the raisins, walnuts, cinnamon, peanut butter, and maple syrup. Stir to combine.</p><p><img src=\"/media/uploads/tumblr_lu0opbPS541qdiaq1.jpg\"></p>",
    "recipe": 4
  }
},
{
  "model": "recipe.recipestep",
  "pk": 18,
  "fields": {
    "number": 3,
    "content": "<p>Scoop about 1 teaspoon of the mixture into each apple, or enough to fill. Replace the tops of the apples then wrap each one into a little bundle with aluminum foil. Pop in the oven for 30-45 minutes at 250 degrees. Remove and allow to cool 5-10 minutes, they'll be TOASTY.</p><p><img src=\"/media/uploads/tumblr_lu0otbou0C1qdiaq1.jpg\"></p><p>Devour with your best bud. Or your sister.<br></p>",
    "recipe": 4
  }
},
{
  "model": "recipe.recipestep",
  "pk": 19,
  "fields": {
    "number": 1,
    "content": "<p>Fill a medium-sized pot with water and bring to boil. Slice the tempeh into triangles: cut block in half widthwise, then cut each square into 4 triangles. Try not to judge tempeh by it's unappealing appearance. Add the tempeh to the boiling water and cook at a simmer for 10 minutes. This removes the bitterness and makes the tempeh like a flavor sponge.</p><p><img src=\"/media/uploads/tumblr_lu95x3WLn11qdiaq1.jpg\"></p>",
    "recipe": 5
  }
},
{
  "model": "recipe.recipestep",
  "pk": 20,
  "fields": {
    "number": 2,
    "content": "<p>Combine all of the remaining ingredients in a bowl and stir to combine. Once the tempeh is cooked, add it carefully to the marinade. Allow it to marinade for at least 1 hour.</p><p><img src=\"/media/uploads/tumblr_lu96jeSeVR1qdiaq1.jpg\"></p><br>",
    "recipe": 5
  }
},
{
  "model": "recipe.recipestep",
  "pk": 21,
  "fields": {
    "number": 3,
    "content": "<p>Preheat a skillet over medium heat. Grease with olive oil and add the tempeh, cooking each side about 10 minutes. When the second side is just about done, spoon a bit more marinade over and grill another 30 seconds.</p><p>I can not really emphasize how much I liked this tempeh. This is definitely going to be a staple for me this winter. Who knows, maybe it'll help me feel okay about my Vitamin D-deprived skin and comfort me on the dark nights. Here's hopin'.<br></p><p>Sneak preview! Next post: herb-roasted potatoes PLUS pumpkin pie!</p><p><img src=\"/media/uploads/tumblr_lu994ue3Vm1qdiaq1.jpg\"></p><p><img src=\"/media/uploads/tumblr_lu997gWywd1qdiaq1.jpg\"></p>",
    "recipe": 5
  }
},
{
  "model": "recipe.recipestep",
  "pk": 22,
  "fields": {
    "number": 1,
    "content": "<p><img src=\"/media/uploads/tumblr_ljnxa1su2I1qdiaq1.jpg\"></p><p>Preheat oven to 350 degrees. In a small dish, mix together the flax seed and water.<br></p>",
    "recipe": 6
  }
},
{
  "model": "recipe.recipestep",
  "pk": 23,
  "fields": {
    "number": 2,
    "content": "<p>In a food processor or large bowl, mix together the flax mixture, margarine, sugar, and vanilla until smooth and set aside.</p>",
    "recipe": 6
  }
},
{
  "model": "recipe.recipestep",
  "pk": 24,
  "fields": {
    "number": 3,
    "content": "<p>In a large bowl, stir together the flour, baking soda, baking powder, salt, chocolate chips, marshmallows, and crushed graham crackers. Add the margarine mixture and stir until well incorporated.<span></span></p><p><img src=\"/media/uploads/tumblr_ljnxf8H8be1qdiaq1_eIEChSI.jpg\"></p>",
    "recipe": 6
  }
},
{
  "model": "recipe.recipestep",
  "pk": 25,
  "fields": {
    "number": 4,
    "content": "<p>Roll into about 24-26 balls and place on a plate or pan lined with parchment paper.</p><p><img src=\"/media/uploads/tumblr_ljnxhdm7RA1qdiaq1.jpg\"></p><br>",
    "recipe": 6
  }
},
{
  "model": "recipe.recipestep",
  "pk": 26,
  "fields": {
    "number": 5,
    "content": "<p>Bake at 350 degrees for 10-12 minutes, until marshmallow and chocolate are gooey.</p><p><img src=\"/media/uploads/tumblr_ljnwuuaJ6R1qdiaq1.jpg\"></p><p>When the cookies are done, allow to stand 10 minutes.<br></p><img src=\"/media/uploads/tumblr_ljnxjkju0x1qdiaq1.jpg\"><p><img src=\"/media/uploads/tumblr_ljnxqc2ki01qdiaq1.jpg\"></p>Perfect with a cold glass of soy or almond milk!",
    "recipe": 6
  }
},
{
  "model": "recipe.recipestep",
  "pk": 27,
  "fields": {
    "number": 1,
    "content": "<p>Put a medium skillet on the stove at medium heat and add half the olive oil plus the spinach and a pinch of salt. Stir well 4-5 minutes or until the leaves are just tender. Remove from heat and set aside.</p><p><img src=\"/media/uploads/tumblr_lkyvzvZxAa1qdiaq1.jpg\"></p>",
    "recipe": 7
  }
},
{
  "model": "recipe.recipestep",
  "pk": 28,
  "fields": {
    "number": 2,
    "content": "<p>Heat olive oil and add the garlic, cumin, red pepper flakes and paprika. When the garlic starts to brown, add mashed sweet potato, tomato sauce, balsamic vinegar, and chickpeas. Cook until the chickpeas are hot and the sauce is bubbling. Season with salt and pepper to taste.</p><p><img src=\"/media/uploads/tumblr_lkyvvv9vxi1qdiaq1.jpg\"></p>",
    "recipe": 7
  }
},
{
  "model": "recipe.recipestep",
  "pk": 29,
  "fields": {
    "number": 3,
    "content": "<p>Add the saut\\u00e9ed spinach and cook until the mixture is hot. Serve hot with a dash more paprika on top. Excellent with a drizzle of lemon juice.\r\n</p><p><img src=\"/media/uploads/tumblr_lkyvtot3V51qdiaq1.jpg\"></p>",
    "recipe": 7
  }
},
{
  "model": "recipe.recipestep",
  "pk": 30,
  "fields": {
    "number": null,
    "content": "<p>Shred the beet and combine in a container with the lime juice and a pinch or two of salt. Allow to sit and pickle several hours or overnight in the fridge.</p><p><img src=\"/media/uploads/tumblr_ll08s5ir9x1qdiaq1.jpg\"></p><p><img src=\"/media/uploads/tumblr_ll08syIqOd1qdiaq1.jpg\"></p><p>For lunch, simply combine all of the ingredients and dress with the excess lime juice and a splash of olive oil. Top with pepper and red pepper flakes!</p><p><img src=\"/media/uploads/tumblr_ll08m0KFBs1qdiaq1.jpg\"></p>",
    "recipe": 8
  }
},
{
  "model": "recipe.recipestep",
  "pk": 31,
  "fields": {
    "number": 1,
    "content": "<p>In a medium pot, heat a small drizzle of olive oil and add the onion. Cook for 4-5 minutes, until they are sizzling.</p>",
    "recipe": 9
  }
},
{
  "model": "recipe.recipestep",
  "pk": 32,
  "fields": {
    "number": 2,
    "content": "<p>Add the remaining ingredients and cook 15-20 minutes, until all vegetables are tender. Top with chopped ramps and cracked black pepper.</p>",
    "recipe": 9
  }
},
{
  "model": "recipe.recipestep",
  "pk": 33,
  "fields": {
    "number": null,
    "content": "<p>Combine all ingredients in a food processor or blender. Blend 3-5 minutes, until all chickpeas are well mashed and the hummus is smooth.</p><p>Garnish with paprika and serve with sliced carrots, cukes, or warm pita.</p>",
    "recipe": 10
  }
},
{
  "model": "recipe.recipestep",
  "pk": 34,
  "fields": {
    "number": 1,
    "content": "<p>Add the olive oil, onion, and garlic to a medium skillet. Cook until the onions are translucent and sizzling, 3-4 minutes.</p>",
    "recipe": 11
  }
},
{
  "model": "recipe.recipestep",
  "pk": 35,
  "fields": {
    "number": 2,
    "content": "<p>Place the chickpeas in a microwave safe bowl and heat 1-2 minutes, until warm. Add the cooked onions, garlic, warm chickpeas, lemon juice, chickpea flour, parsley and spices to a food processor or blender. Blend until the mixture is smooth but still thick/dense. If the mixture is not thick enough to pick up and form a patty, add enough chickpea/oat flour until it is.</p>",
    "recipe": 11
  }
},
{
  "model": "recipe.recipestep",
  "pk": 36,
  "fields": {
    "number": 3,
    "content": "<p>Pour the 1/4 cup flour set aside for coating into a bowl. Take the mixture and form balls with your hands. Flatten the balls into patties and dip them in the flour bowl (this is called \u201cdredging\u201d).</p><p><img src=\"/media/uploads/tumblr_lndfzv8sgA1qdiaq1.jpg\"></p><br>",
    "recipe": 11
  }
},
{
  "model": "recipe.recipestep",
  "pk": 37,
  "fields": {
    "number": 4,
    "content": "<p>Heat a few Tablespoons of oil over a medium flame. When the oil starts to sizzle, add the patties. Cook 3-4 minutes on each side, or until the outside is crispy.</p><p>Serve dat sheezy on a bun, with a salad & sprinkled with fresh parsley, or eat it just as is. I think you\u2019ll like it. I made a pepper/peach/spinach with my favorite <a href=\"http://veganizzm.com/post/5902242735/mandarin-orange-pecan-cranberry-spinach-salad\" target=\"_blank\">Sweet & Tangy Balsamic Dressing</a>. This chickpea goodness paired with fruity salad = perfection.</p><p><img src=\"/media/uploads/tumblr_lndgpntAB11qdiaq1.jpg\"></p>",
    "recipe": 11
  }
},
{
  "model": "recipe.recipestep",
  "pk": 38,
  "fields": {
    "number": 1,
    "content": "<p>Begin by mashing the chickpeas with the back of a fork. They can be as chunky or as mix-mashed as you desire.</p><p><img src=\"/media/uploads/tumblr_lqbf22EvaY1qdiaq1.jpg\"></p><br>",
    "recipe": 12
  }
},
{
  "model": "recipe.recipestep",
  "pk": 39,
  "fields": {
    "number": 2,
    "content": "<p>Combine the remaining 4 ingredients (cashews, lemon juice, nutritional yeast, salt) in a blender or food processor and blend until smooth. Add a few teaspoons water to loosen up if necessary.</p><p><img src=\"/media/uploads/tumblr_lqbf5pUUN41qdiaq1.jpg\"></p><br>",
    "recipe": 12
  }
},
{
  "model": "recipe.recipestep",
  "pk": 40,
  "fields": {
    "number": 3,
    "content": "<p>Combine the mashed chickpeas with the cashew cheeze sauce and mix well.</p><p><img src=\"/media/uploads/tumblr_lqbf9oudIK1qdiaq1.jpg\"></p><br><p>Spread (/mash) onto some toast for a delish sandwich! Insta-energy!<span class=\"redactor-invisible-space\"><br></span></p>",
    "recipe": 12
  }
},
{
  "model": "recipe.recipestep",
  "pk": 41,
  "fields": {
    "number": null,
    "content": "<p>Preheat oven to 400 degrees.</p>",
    "recipe": 13
  }
},
{
  "model": "recipe.recipestep",
  "pk": 42,
  "fields": {
    "number": 1,
    "content": "<p>Pour chopped peppers and tomatoes on a foil-lined cookie sheet and drizzle them with olive oil, salt, and pepper. Place sheet in the oven for 25 minutes.</p>",
    "recipe": 13
  }
},
{
  "model": "recipe.recipestep",
  "pk": 43,
  "fields": {
    "number": 2,
    "content": "<p>Add 2 1/2 cups vegetable broth to a medium pot and bring to a boil. Once boiling, add the couscous. Cover and remove from heat. Let stand 5-7 minutes or until couscous is soft. Fluff with a fork.</p>",
    "recipe": 13
  }
},
{
  "model": "recipe.recipestep",
  "pk": 44,
  "fields": {
    "number": 3,
    "content": "<p>Meanwhile, heat the 2 Tbs olive oil in a large pot over medium heat; saut\u00e9 onion and garlic until golden. Add the spices and lime juice and saut\u00e9 2-3 minutes. Transfer the cooked couscous to the pot and add another 1/2 cup vegetable broth. Simmer until the sauce thickens while making sure the couscous does not get overly dried out (add an extra 1/4 cup broth if necessary).</p>",
    "recipe": 13
  }
},
{
  "model": "recipe.recipestep",
  "pk": 45,
  "fields": {
    "number": 4,
    "content": "<p>After the 25 minute roasting time is up, remove the roasted tomatoes and pepper from the oven. Carefully spoon from the tray to the couscous pot and mix. Serve piping hot!</p><p>It\u2019s clear that I have a disease. And the only cure is more chickpeas.<span class=\"redactor-invisible-space\"><br></span></p>",
    "recipe": 13
  }
},
{
  "model": "recipe.recipestep",
  "pk": 51,
  "fields": {
    "number": 1,
    "content": "<p>In a large bowl, dissolve yeast in the warm soy/almond milk. Set aside 5-6 minutes, until it foams up. When it\u2019s foamy stir in sugar, margarine, applesauce, and salt. Stir in the flour.</p>",
    "recipe": 19
  }
},
{
  "model": "recipe.recipestep",
  "pk": 52,
  "fields": {
    "number": 2,
    "content": "<p>Place the dough on a lightly floured surface and knead until smooth. To avoid sticking, sprinkle the dough with a bit more flour. Aim to use just enough to keep it from being sticky but not so much that the dough becomes overly dense or heavy.</p>",
    "recipe": 19
  }
},
{
  "model": "recipe.recipestep",
  "pk": 53,
  "fields": {
    "number": 3,
    "content": "<p>Ball the dough up and place it in a lightly greased bowl. Cover and let it rise in a warm place for 50-60 minutes, until it is about 2X the original size. Place the dough on a lightly floured surface and punch it (best part! stress relief!), then roll it into a large rectangle.</p>",
    "recipe": 19
  }
},
{
  "model": "recipe.recipestep",
  "pk": 54,
  "fields": {
    "number": 4,
    "content": "<p>Preheat the oven to 400 degrees. Prepare the filling by mixing the brown sugar and cinnamon in a small bowl. Spread softened margarine over the surface of the dough and sprinkle generously with the cinnamon-sugar mixture. Begin rolling the dough, starting at the long side, down to the bottom edge until you have a long log.</p>",
    "recipe": 19
  }
},
{
  "model": "recipe.recipestep",
  "pk": 55,
  "fields": {
    "number": 5,
    "content": "<p>Slice the log into 3/4\u201d-1\u201d pieces. Place the buns about 1\u201d apart in a lightly greased baking dish. Allow them to rise in a warm place for 20-30 minutes then pop \u2018em in the oven for 15 minutes or until golden.</p>",
    "recipe": 19
  }
},
{
  "model": "recipe.recipestep",
  "pk": 56,
  "fields": {
    "number": 6,
    "content": "<p>Whisk together powdered sugar, water, lemon extract, and nutmeg to make the icing. Drizzle on the buns while they are still warm.</p><p>These buns are the bomb. They should keep pretty well in the fridge for up to 3 days, though you\u2019ll have to try that for yourself because these guys didn\u2019t last more than 24 hours after we made \u2018em. Happy nomming.<br></p>",
    "recipe": 19
  }
},
{
  "model": "recipe.recipeequipment",
  "pk": 1,
  "fields": {
    "name": "aluminum foil",
    "web_reference": ""
  }
},
{
  "model": "recipe.ingredientquantity",
  "pk": 29,
  "fields": {
    "measure": "6",
    "unit": null,
    "ingredient": 14,
    "preparation": "tops cut off and saved",
    "recipe": 4
  }
},
{
  "model": "recipe.ingredientquantity",
  "pk": 30,
  "fields": {
    "measure": "1/2",
    "unit": 1,
    "ingredient": 15,
    "preparation": "",
    "recipe": 4
  }
},
{
  "model": "recipe.ingredientquantity",
  "pk": 31,
  "fields": {
    "measure": "1/2",
    "unit": 1,
    "ingredient": 16,
    "preparation": "",
    "recipe": 4
  }
},
{
  "model": "recipe.ingredientquantity",
  "pk": 32,
  "fields": {
    "measure": "1/4",
    "unit": 1,
    "ingredient": 17,
    "preparation": "chopped",
    "recipe": 4
  }
},
{
  "model": "recipe.ingredientquantity",
  "pk": 33,
  "fields": {
    "measure": "1",
    "unit": 3,
    "ingredient": 9,
    "preparation": "",
    "recipe": 4
  }
},
{
  "model": "recipe.ingredientquantity",
  "pk": 34,
  "fields": {
    "measure": "1",
    "unit": 4,
    "ingredient": 18,
    "preparation": "",
    "recipe": 4
  }
},
{
  "model": "recipe.ingredientquantity",
  "pk": 35,
  "fields": {
    "measure": "1",
    "unit": 4,
    "ingredient": 19,
    "preparation": "",
    "recipe": 4
  }
},
{
  "model": "recipe.ingredientquantity",
  "pk": 36,
  "fields": {
    "measure": "1",
    "unit": 2,
    "ingredient": 20,
    "preparation": "",
    "recipe": 5
  }
},
{
  "model": "recipe.ingredientquantity",
  "pk": 37,
  "fields": {
    "measure": "3/4",
    "unit": 1,
    "ingredient": 21,
    "preparation": "",
    "recipe": 5
  }
},
{
  "model": "recipe.ingredientquantity",
  "pk": 38,
  "fields": {
    "measure": "2",
    "unit": 4,
    "ingredient": 22,
    "preparation": "",
    "recipe": 5
  }
},
{
  "model": "recipe.ingredientquantity",
  "pk": 39,
  "fields": {
    "measure": "2",
    "unit": 3,
    "ingredient": 19,
    "preparation": "",
    "recipe": 5
  }
},
{
  "model": "recipe.ingredientquantity",
  "pk": 40,
  "fields": {
    "measure": "2",
    "unit": 4,
    "ingredient": 23,
    "preparation": "",
    "recipe": 5
  }
},
{
  "model": "recipe.ingredientquantity",
  "pk": 41,
  "fields": {
    "measure": "2",
    "unit": 4,
    "ingredient": 24,
    "preparation": "",
    "recipe": 5
  }
},
{
  "model": "recipe.ingredientquantity",
  "pk": 42,
  "fields": {
    "measure": "2",
    "unit": 7,
    "ingredient": 25,
    "preparation": "crushed",
    "recipe": 5
  }
},
{
  "model": "recipe.ingredientquantity",
  "pk": 43,
  "fields": {
    "measure": "1/4",
    "unit": 3,
    "ingredient": 26,
    "preparation": "",
    "recipe": 5
  }
},
{
  "model": "recipe.ingredientquantity",
  "pk": 44,
  "fields": {
    "measure": "2",
    "unit": 4,
    "ingredient": 27,
    "preparation": "",
    "recipe": 6
  }
},
{
  "model": "recipe.ingredientquantity",
  "pk": 45,
  "fields": {
    "measure": "3",
    "unit": 4,
    "ingredient": 11,
    "preparation": "",
    "recipe": 6
  }
},
{
  "model": "recipe.ingredientquantity",
  "pk": 46,
  "fields": {
    "measure": "1/2",
    "unit": 1,
    "ingredient": 5,
    "preparation": "",
    "recipe": 6
  }
},
{
  "model": "recipe.ingredientquantity",
  "pk": 47,
  "fields": {
    "measure": "3/4",
    "unit": 1,
    "ingredient": 4,
    "preparation": "",
    "recipe": 6
  }
},
{
  "model": "recipe.ingredientquantity",
  "pk": 48,
  "fields": {
    "measure": "1",
    "unit": 3,
    "ingredient": 28,
    "preparation": "",
    "recipe": 6
  }
},
{
  "model": "recipe.ingredientquantity",
  "pk": 49,
  "fields": {
    "measure": "1.25",
    "unit": 1,
    "ingredient": 1,
    "preparation": "",
    "recipe": 6
  }
},
{
  "model": "recipe.ingredientquantity",
  "pk": 50,
  "fields": {
    "measure": "1/2",
    "unit": 3,
    "ingredient": 29,
    "preparation": "",
    "recipe": 6
  }
},
{
  "model": "recipe.ingredientquantity",
  "pk": 51,
  "fields": {
    "measure": "1/2",
    "unit": 3,
    "ingredient": 30,
    "preparation": "",
    "recipe": 6
  }
},
{
  "model": "recipe.ingredientquantity",
  "pk": 52,
  "fields": {
    "measure": "1/4",
    "unit": 3,
    "ingredient": 6,
    "preparation": "",
    "recipe": 6
  }
},
{
  "model": "recipe.ingredientquantity",
  "pk": 53,
  "fields": {
    "measure": "3/4",
    "unit": 1,
    "ingredient": 31,
    "preparation": "",
    "recipe": 6
  }
},
{
  "model": "recipe.ingredientquantity",
  "pk": 54,
  "fields": {
    "measure": "1",
    "unit": 1,
    "ingredient": 32,
    "preparation": "chopped",
    "recipe": 6
  }
},
{
  "model": "recipe.ingredientquantity",
  "pk": 55,
  "fields": {
    "measure": "4",
    "unit": null,
    "ingredient": 33,
    "preparation": "crushed",
    "recipe": 6
  }
},
{
  "model": "recipe.ingredientquantity",
  "pk": 56,
  "fields": {
    "measure": "2x15",
    "unit": 8,
    "ingredient": 34,
    "preparation": "",
    "recipe": 7
  }
},
{
  "model": "recipe.ingredientquantity",
  "pk": 57,
  "fields": {
    "measure": "4",
    "unit": 4,
    "ingredient": 22,
    "preparation": "",
    "recipe": 7
  }
},
{
  "model": "recipe.ingredientquantity",
  "pk": 58,
  "fields": {
    "measure": "1",
    "unit": 9,
    "ingredient": 35,
    "preparation": "",
    "recipe": 7
  }
},
{
  "model": "recipe.ingredientquantity",
  "pk": 59,
  "fields": {
    "measure": "1/2",
    "unit": null,
    "ingredient": 36,
    "preparation": "cooked and mashed",
    "recipe": 7
  }
},
{
  "model": "recipe.ingredientquantity",
  "pk": 60,
  "fields": {
    "measure": "1/2",
    "unit": 1,
    "ingredient": 37,
    "preparation": "",
    "recipe": 7
  }
},
{
  "model": "recipe.ingredientquantity",
  "pk": 61,
  "fields": {
    "measure": "3",
    "unit": 7,
    "ingredient": 25,
    "preparation": "thinly sliced",
    "recipe": 7
  }
},
{
  "model": "recipe.ingredientquantity",
  "pk": 62,
  "fields": {
    "measure": "1/2",
    "unit": 3,
    "ingredient": 38,
    "preparation": "",
    "recipe": 7
  }
},
{
  "model": "recipe.ingredientquantity",
  "pk": 63,
  "fields": {
    "measure": "1",
    "unit": 10,
    "ingredient": 26,
    "preparation": "",
    "recipe": 7
  }
},
{
  "model": "recipe.ingredientquantity",
  "pk": 64,
  "fields": {
    "measure": "1",
    "unit": 4,
    "ingredient": 39,
    "preparation": "",
    "recipe": 7
  }
},
{
  "model": "recipe.ingredientquantity",
  "pk": 65,
  "fields": {
    "measure": "1/2",
    "unit": 3,
    "ingredient": 40,
    "preparation": "",
    "recipe": 7
  }
},
{
  "model": "recipe.ingredientquantity",
  "pk": 66,
  "fields": {
    "measure": "",
    "unit": null,
    "ingredient": 41,
    "preparation": "",
    "recipe": 7
  }
},
{
  "model": "recipe.ingredientquantity",
  "pk": 67,
  "fields": {
    "measure": "1",
    "unit": null,
    "ingredient": 42,
    "preparation": "shredded",
    "recipe": 8
  }
},
{
  "model": "recipe.ingredientquantity",
  "pk": 68,
  "fields": {
    "measure": "2",
    "unit": null,
    "ingredient": 43,
    "preparation": "juiced",
    "recipe": 8
  }
},
{
  "model": "recipe.ingredientquantity",
  "pk": 69,
  "fields": {
    "measure": "1",
    "unit": null,
    "ingredient": 44,
    "preparation": "diced",
    "recipe": 8
  }
},
{
  "model": "recipe.ingredientquantity",
  "pk": 70,
  "fields": {
    "measure": "1/2",
    "unit": 1,
    "ingredient": 34,
    "preparation": "",
    "recipe": 8
  }
},
{
  "model": "recipe.ingredientquantity",
  "pk": 71,
  "fields": {
    "measure": "",
    "unit": 11,
    "ingredient": 35,
    "preparation": "",
    "recipe": 8
  }
},
{
  "model": "recipe.ingredientquantity",
  "pk": 72,
  "fields": {
    "measure": "",
    "unit": 10,
    "ingredient": 26,
    "preparation": "",
    "recipe": 8
  }
},
{
  "model": "recipe.ingredientquantity",
  "pk": 73,
  "fields": {
    "measure": "",
    "unit": null,
    "ingredient": 45,
    "preparation": "",
    "recipe": 8
  }
},
{
  "model": "recipe.ingredientquantity",
  "pk": 74,
  "fields": {
    "measure": "1",
    "unit": null,
    "ingredient": 46,
    "preparation": "diced",
    "recipe": 9
  }
},
{
  "model": "recipe.ingredientquantity",
  "pk": 75,
  "fields": {
    "measure": "2",
    "unit": null,
    "ingredient": 47,
    "preparation": "chopped",
    "recipe": 9
  }
},
{
  "model": "recipe.ingredientquantity",
  "pk": 76,
  "fields": {
    "measure": "1",
    "unit": null,
    "ingredient": 36,
    "preparation": "chopped",
    "recipe": 9
  }
},
{
  "model": "recipe.ingredientquantity",
  "pk": 77,
  "fields": {
    "measure": "1",
    "unit": 1,
    "ingredient": 48,
    "preparation": "",
    "recipe": 9
  }
},
{
  "model": "recipe.ingredientquantity",
  "pk": 78,
  "fields": {
    "measure": "15",
    "unit": 12,
    "ingredient": 34,
    "preparation": "",
    "recipe": 9
  }
},
{
  "model": "recipe.ingredientquantity",
  "pk": 79,
  "fields": {
    "measure": "1",
    "unit": 8,
    "ingredient": 34,
    "preparation": "drained and rinsed",
    "recipe": 10
  }
},
{
  "model": "recipe.ingredientquantity",
  "pk": 80,
  "fields": {
    "measure": "1",
    "unit": null,
    "ingredient": 49,
    "preparation": "juiced",
    "recipe": 10
  }
},
{
  "model": "recipe.ingredientquantity",
  "pk": 81,
  "fields": {
    "measure": "2",
    "unit": 4,
    "ingredient": 50,
    "preparation": "",
    "recipe": 10
  }
},
{
  "model": "recipe.ingredientquantity",
  "pk": 82,
  "fields": {
    "measure": "1",
    "unit": 7,
    "ingredient": 25,
    "preparation": "crushed",
    "recipe": 10
  }
},
{
  "model": "recipe.ingredientquantity",
  "pk": 83,
  "fields": {
    "measure": "2",
    "unit": 4,
    "ingredient": 51,
    "preparation": "",
    "recipe": 10
  }
},
{
  "model": "recipe.ingredientquantity",
  "pk": 84,
  "fields": {
    "measure": "1",
    "unit": 3,
    "ingredient": 52,
    "preparation": "zested",
    "recipe": 10
  }
},
{
  "model": "recipe.ingredientquantity",
  "pk": 85,
  "fields": {
    "measure": "1/4",
    "unit": 3,
    "ingredient": 40,
    "preparation": "",
    "recipe": 10
  }
},
{
  "model": "recipe.ingredientquantity",
  "pk": 86,
  "fields": {
    "measure": "",
    "unit": null,
    "ingredient": 53,
    "preparation": "",
    "recipe": 10
  }
},
{
  "model": "recipe.ingredientquantity",
  "pk": 87,
  "fields": {
    "measure": "1",
    "unit": null,
    "ingredient": 46,
    "preparation": "diced",
    "recipe": 11
  }
},
{
  "model": "recipe.ingredientquantity",
  "pk": 88,
  "fields": {
    "measure": "2-3",
    "unit": 7,
    "ingredient": 25,
    "preparation": "peeled",
    "recipe": 11
  }
},
{
  "model": "recipe.ingredientquantity",
  "pk": 89,
  "fields": {
    "measure": "1",
    "unit": 4,
    "ingredient": 22,
    "preparation": "",
    "recipe": 11
  }
},
{
  "model": "recipe.ingredientquantity",
  "pk": 90,
  "fields": {
    "measure": "1",
    "unit": 8,
    "ingredient": 34,
    "preparation": "",
    "recipe": 11
  }
},
{
  "model": "recipe.ingredientquantity",
  "pk": 91,
  "fields": {
    "measure": "1",
    "unit": null,
    "ingredient": 49,
    "preparation": "juiced",
    "recipe": 11
  }
},
{
  "model": "recipe.ingredientquantity",
  "pk": 92,
  "fields": {
    "measure": "1/4",
    "unit": 1,
    "ingredient": 54,
    "preparation": "",
    "recipe": 11
  }
},
{
  "model": "recipe.ingredientquantity",
  "pk": 93,
  "fields": {
    "measure": "2",
    "unit": 4,
    "ingredient": 55,
    "preparation": "",
    "recipe": 11
  }
},
{
  "model": "recipe.ingredientquantity",
  "pk": 94,
  "fields": {
    "measure": "1",
    "unit": 3,
    "ingredient": 38,
    "preparation": "",
    "recipe": 11
  }
},
{
  "model": "recipe.ingredientquantity",
  "pk": 95,
  "fields": {
    "measure": "1/4",
    "unit": 3,
    "ingredient": 9,
    "preparation": "",
    "recipe": 11
  }
},
{
  "model": "recipe.ingredientquantity",
  "pk": 96,
  "fields": {
    "measure": "1",
    "unit": 3,
    "ingredient": 6,
    "preparation": "",
    "recipe": 11
  }
},
{
  "model": "recipe.ingredientquantity",
  "pk": 97,
  "fields": {
    "measure": "1/2",
    "unit": 3,
    "ingredient": 56,
    "preparation": "",
    "recipe": 11
  }
},
{
  "model": "recipe.ingredientquantity",
  "pk": 98,
  "fields": {
    "measure": "1/4",
    "unit": 3,
    "ingredient": 57,
    "preparation": "",
    "recipe": 11
  }
},
{
  "model": "recipe.ingredientquantity",
  "pk": 99,
  "fields": {
    "measure": "1/4",
    "unit": 3,
    "ingredient": 58,
    "preparation": "",
    "recipe": 11
  }
},
{
  "model": "recipe.ingredientquantity",
  "pk": 100,
  "fields": {
    "measure": "1/4",
    "unit": 3,
    "ingredient": 59,
    "preparation": "",
    "recipe": 11
  }
},
{
  "model": "recipe.ingredientquantity",
  "pk": 101,
  "fields": {
    "measure": "1/2",
    "unit": 1,
    "ingredient": 34,
    "preparation": "drained and rinsed",
    "recipe": 12
  }
},
{
  "model": "recipe.ingredientquantity",
  "pk": 102,
  "fields": {
    "measure": "1/2",
    "unit": 1,
    "ingredient": 60,
    "preparation": "",
    "recipe": 12
  }
},
{
  "model": "recipe.ingredientquantity",
  "pk": 103,
  "fields": {
    "measure": "1",
    "unit": null,
    "ingredient": 49,
    "preparation": "juiced",
    "recipe": 12
  }
},
{
  "model": "recipe.ingredientquantity",
  "pk": 104,
  "fields": {
    "measure": "2",
    "unit": 4,
    "ingredient": 61,
    "preparation": "",
    "recipe": 12
  }
},
{
  "model": "recipe.ingredientquantity",
  "pk": 105,
  "fields": {
    "measure": "1/2",
    "unit": 3,
    "ingredient": 6,
    "preparation": "",
    "recipe": 12
  }
},
{
  "model": "recipe.ingredientquantity",
  "pk": 106,
  "fields": {
    "measure": "1",
    "unit": 4,
    "ingredient": 22,
    "preparation": "",
    "recipe": 13
  }
},
{
  "model": "recipe.ingredientquantity",
  "pk": 107,
  "fields": {
    "measure": "1",
    "unit": null,
    "ingredient": 46,
    "preparation": "",
    "recipe": 13
  }
},
{
  "model": "recipe.ingredientquantity",
  "pk": 108,
  "fields": {
    "measure": "2",
    "unit": 7,
    "ingredient": 25,
    "preparation": "minced",
    "recipe": 13
  }
},
{
  "model": "recipe.ingredientquantity",
  "pk": 109,
  "fields": {
    "measure": "1",
    "unit": null,
    "ingredient": 62,
    "preparation": "chopped",
    "recipe": 13
  }
},
{
  "model": "recipe.ingredientquantity",
  "pk": 110,
  "fields": {
    "measure": "1/2",
    "unit": 1,
    "ingredient": 63,
    "preparation": "halved",
    "recipe": 13
  }
},
{
  "model": "recipe.ingredientquantity",
  "pk": 111,
  "fields": {
    "measure": "3",
    "unit": 1,
    "ingredient": 21,
    "preparation": "",
    "recipe": 13
  }
},
{
  "model": "recipe.ingredientquantity",
  "pk": 112,
  "fields": {
    "measure": "1",
    "unit": 8,
    "ingredient": 34,
    "preparation": "",
    "recipe": 13
  }
},
{
  "model": "recipe.ingredientquantity",
  "pk": 113,
  "fields": {
    "measure": "2",
    "unit": 1,
    "ingredient": 64,
    "preparation": "uncooked",
    "recipe": 13
  }
},
{
  "model": "recipe.ingredientquantity",
  "pk": 114,
  "fields": {
    "measure": "1",
    "unit": 4,
    "ingredient": 65,
    "preparation": "",
    "recipe": 13
  }
},
{
  "model": "recipe.ingredientquantity",
  "pk": 115,
  "fields": {
    "measure": "1",
    "unit": 3,
    "ingredient": 38,
    "preparation": "",
    "recipe": 13
  }
},
{
  "model": "recipe.ingredientquantity",
  "pk": 116,
  "fields": {
    "measure": "1/2",
    "unit": 3,
    "ingredient": 66,
    "preparation": "",
    "recipe": 13
  }
},
{
  "model": "recipe.ingredientquantity",
  "pk": 117,
  "fields": {
    "measure": "1/2",
    "unit": 3,
    "ingredient": 9,
    "preparation": "",
    "recipe": 13
  }
},
{
  "model": "recipe.ingredientquantity",
  "pk": 118,
  "fields": {
    "measure": "1",
    "unit": 3,
    "ingredient": 6,
    "preparation": "",
    "recipe": 13
  }
},
{
  "model": "recipe.ingredientquantity",
  "pk": 134,
  "fields": {
    "measure": "4",
    "unit": 1,
    "ingredient": 1,
    "preparation": "",
    "recipe": 16
  }
},
{
  "model": "recipe.ingredientquantity",
  "pk": 135,
  "fields": {
    "measure": "1",
    "unit": 2,
    "ingredient": 2,
    "preparation": "",
    "recipe": 16
  }
},
{
  "model": "recipe.ingredientquantity",
  "pk": 136,
  "fields": {
    "measure": "1",
    "unit": 1,
    "ingredient": 3,
    "preparation": "",
    "recipe": 16
  }
},
{
  "model": "recipe.ingredientquantity",
  "pk": 137,
  "fields": {
    "measure": "1/2",
    "unit": 1,
    "ingredient": 4,
    "preparation": "",
    "recipe": 16
  }
},
{
  "model": "recipe.ingredientquantity",
  "pk": 138,
  "fields": {
    "measure": "1/3",
    "unit": 1,
    "ingredient": 5,
    "preparation": "melted",
    "recipe": 16
  }
},
{
  "model": "recipe.ingredientquantity",
  "pk": 139,
  "fields": {
    "measure": "1",
    "unit": 3,
    "ingredient": 6,
    "preparation": "",
    "recipe": 16
  }
},
{
  "model": "recipe.ingredientquantity",
  "pk": 140,
  "fields": {
    "measure": "1/2",
    "unit": 1,
    "ingredient": 7,
    "preparation": "",
    "recipe": 16
  }
},
{
  "model": "recipe.ingredientquantity",
  "pk": 141,
  "fields": {
    "measure": "1",
    "unit": 1,
    "ingredient": 8,
    "preparation": "",
    "recipe": 17
  }
},
{
  "model": "recipe.ingredientquantity",
  "pk": 142,
  "fields": {
    "measure": "2.5",
    "unit": 4,
    "ingredient": 9,
    "preparation": "",
    "recipe": 17
  }
},
{
  "model": "recipe.ingredientquantity",
  "pk": 143,
  "fields": {
    "measure": "1/3",
    "unit": 1,
    "ingredient": 5,
    "preparation": "softened",
    "recipe": 17
  }
},
{
  "model": "recipe.ingredientquantity",
  "pk": 144,
  "fields": {
    "measure": "1",
    "unit": 1,
    "ingredient": 10,
    "preparation": "",
    "recipe": 18
  }
},
{
  "model": "recipe.ingredientquantity",
  "pk": 145,
  "fields": {
    "measure": "2-3",
    "unit": 4,
    "ingredient": 11,
    "preparation": "",
    "recipe": 18
  }
},
{
  "model": "recipe.ingredientquantity",
  "pk": 146,
  "fields": {
    "measure": "3-4",
    "unit": 5,
    "ingredient": 12,
    "preparation": "",
    "recipe": 18
  }
},
{
  "model": "recipe.ingredientquantity",
  "pk": 147,
  "fields": {
    "measure": "",
    "unit": null,
    "ingredient": 74,
    "preparation": "",
    "recipe": 18
  }
}
]
